<environmentvariabledefinition schemaname="new_AzureCotainer">
  <defaultvalue>files</defaultvalue>
  <description default="Azure Container Name if it is created new to get list of blobs and content">
    <label description="Azure Container Name if it is created new to get list of blobs and content" languagecode="1033" />
  </description>
  <displayname default="AzureCotainer">
    <label description="AzureCotainer" languagecode="1033" />
  </displayname>
  <introducedversion>1.0.0.4</introducedversion>
  <iscustomizable>1</iscustomizable>
  <isrequired>0</isrequired>
  <secretstore>0</secretstore>
  <type>100000000</type>
</environmentvariabledefinition>