<environmentvariabledefinition schemaname="new_SharePointSiteUrl">
  <defaultvalue>https://dynamicsitsolutions.sharepoint.com/sites/LocalFolderFiles</defaultvalue>
  <description default="Sharepoint site url ">
    <label description="Sharepoint site url " languagecode="1033" />
  </description>
  <displayname default="SharePointSiteUrl">
    <label description="SharePointSiteUrl" languagecode="1033" />
  </displayname>
  <introducedversion>1.0.0.4</introducedversion>
  <iscustomizable>1</iscustomizable>
  <isrequired>0</isrequired>
  <secretstore>0</secretstore>
  <type>100000000</type>
</environmentvariabledefinition>